Schaltschrank				
	Rittal Kompaktschaltschrank AX 1110.000	E-SS-B-1000-1000-300-001	37208	278,06
	Rittal Schaltschrank AX 1000x1400x300	E-SS-B-AX-1000-1400-300-001	41021	408,03
	Kompakt-Schaltschrank AX 1060.000	E-SS-B-0600600210-7032-002	43082	87,81
	Rittal Schaltschrank AX 400x500x210	E-SS-B-AX-400-500-210-001	41872	71,23
	Schaltschrank Rittal SE 5842.500	E-SS-B-160180040-7035-002	8241	961,13
	Rittal Sockel Element für ES Serie 1600x	E-SS-SOKE-1600-200-001	8284	78,93
	Schaltschrank Rittal SE 5842.500	E-SS-B-160180040-7035-002	30443	813,02
	Schaltschranksockel Eckstück VX8620.025	E-SS-SOKE-1200-200-001	30446	31,91
	Schaltschrank Rittal VX8605.000	E-SS-BA-6020050-7035-001	30444	468
	Schaltschranksockel Eckstück VX8620.022	E-SS-SOKE-600-200-001	30447	18,9
	Rittal Sockel Blende für VX 500x200	E-SS-SOKB-500-200-002	22425	9,92
	Rittal Montageplattenzwischenst. 2000mm für TS. TS 4591.700	E-SS-ZUB-MPZ-TS-2000-001	8319	50,07
	Rittal  Anreihlaschen innen VX  8617.500	E-SS-ZUB-AL-VX-001	23067	2,57
	Rittal Anreihwinkel TS 8800.430	E-SS-ZUB-AW-TS-001	19058	1,82
	Rittal Ablagepult TS4638.600	E-SS-AP-600-001	8223	96,03
	Rittal Scharnier 180° VX 8618.330	E-SS-ZUB-S-180-002	30459	6,53
	Masseband für Erdung 200mm	E-SS-MB-200-001	25273	3,13
	Seitenwandsatz für Rittal Schaltschr. VX	E-SS-ZUB-SW-200050-7035-002	18609	117,47
	Rittal Schaltplantasche A4 SZ 2514.000	E-SS-ZUB-SSZ-AL-DV-001	8324	6,3
	Rittal Systemleuchte 900 Lumen 24V	E-SS-ZUB-SL-900-002	45932	98,03
	Rittal Anschlussleitung Einspeisung SZ 4315.150	E-SS-ZUB-ASZ-AL-E-001	8307	17,73
	Rittal Anschlussleitung Durchgangsverdrahtung SZ 4315.450	E-SS-ZUB-ASZ-AL-DV-001	8306	4,98
	FI-Schutzschalter 2-pol. 25 / 0,03 A Moeller PXF-25/2/003-A	E-SI-FI-2-025-030-002	8087	19,87
	Automat 1-pol. B16 Ampere Moeller PXL-B16/1	E-SI-LS-1-016-B-002	8096	1,41
	Rittal Anschlussadapter 125A 61mm breit bis 35² SV9342.240	E-SC-AA-125-035-001	7726	9,27
	Rittal Anschlussadapter Neu 250A  120² SV9342.270	E-SC-AA-250-070-002	7728	19,95
	Rittal Anschlußadapter 800A   SV 9342.310	E-SC-AA-800-10-001	7729	56,62
	Rittal Lamellierte Kupferschiene SV 3574	E-SC-LKS-10X32--001	7733	98,98
	Rittal Sammelschienenhalter Neu 3polig SV9340.010	E-SC-ST-3-002	7742	4,98
	Rittal Sammelschienenhalter 1polig	E-SC-ST-1P-001	15413	9,92
	Rittal Anreihverbinder für  Sammelschiene 30x10 mm SV 9320.030	E-SC-SS-AVB-30x10--001	19045	15,88
	Sammelschiene  20x5 mm Cu,Klö-Mö CU 20x5	E-SC-SS-20x5-315-001	15412	8,58
	Rittal Sammelschienenabdeckung für Schie	E-SC-SS-ZUB-ADP-001	7740	9,547
	Rittal Sammelschienenhalter 2polig	E-SC-ST-2P-001	7741	21,66
	Rittal Sammelschienenanschlussklemme 2,5-16°	E-SC-SK-025-16-001	7735	8,28
	Rittal Sammelschienenanschlussklemme 70-185°	E-SC-SK-70-185-001	15411	0,92
	Sammelschienenendabdeckung Neu  60 mm  SV9340.070	E-SC-ST-ZUB-EA-002	7743	1,45
	Rittal Geräteadapter für10 mm Schienen 5	E-SC-GA-040-054-002	7732	16,93
	Verdrahtungskanal TEH BA6 801000 grau 85x107	E-J-VK-085-107-001	7500	9,29
	Schaltschrank RT AE 1045.500;  400 x 500 x 210 RAL 7035 lichtgrau	E-SS-B-4050021-7035	8244	55,88
	FI-Schutzschalter 40/0,03 Moeller PXF-40/4/003-A	E-SI-FI-4-040-030-002	8088	22,85
	Automat 3-pol. 16A C Moeller PXL-C16/3	E-SI-LS-3-016-C-001	8104	15,58
	CEE-Wandsteckdose 5pol. / 16 A, mit 230	E-ST-CEE-05-016-KW-SCHUKO-002	8351	38,12
	Schaltschrank-Schlüssel Rittal	E-W-SS-DB-001	8505	3,04
Hauptschalter				
	EATON Leistungssch. NZMN1-A160	E-HS-E-GG-3-063-002	52311	418,594
	EATON Leistungssch. NZMN2-A250	E-HS-E-GG-3-250-002	52951	705,43
	EATON Leistungssch. NZMN3-A400	E-HS-E-GG-3-400-002	52952	992,16
	EATON Leistungssch. NZMN3-VE630	E-HS-E-GG-3-630-002	54099	
	Türkupplungsdrehgriff rot Zwischenbau für PN1 Typ NZM1-XTVDVR	E-HS-ZUB-TKDG-ZB-R-001	7379	57,3052
	Türkupplungsdrehgriff rot Zwischenbau für PN2	E-HS-ZUB-TKDG-ZB-R-002	7380	42,32
	Verlängerungsachse 400mm für PN1 und PN2	E-HS-ZUB-VA-400-001	7381	6,732
	Hauptschalter Bausatz rot Türeinbau NZM3-XTVDVR  für PN3	E-HS-ZUB-HSB-TE-003	7375	130,02
Hauptschalter für Nordamerika				
	Moeller Hauptschalter  125A NZMN1-AF125-NA	E-HS-E-UL-3-125-001	7363	539,3434
	Hauptschalter Einbau 250A NZMN2-AF250-NA	E-HS-E-GG-3-250-003	24692	785,7875
	Hauptschalter Bausatz rot Türeinbau NZM3	E-HS-ZUB-HSB-TE-003	7375	130,02
Hauptschalter für Frankreich				
	Hauptschalter 63 A, 4polig, Typ PN1-4-63	E-HS-E-GG-4-063-002	7354	41,8
	Hauptschalter 100 A, 4polig, Typ PN1-4-100	E-HS-E-GG-4-100-002	7355	179,14
	Hauptschalter 125 A, 4polig, Typ PN1-4-125	E-HS-E-GG-4-125-002	7356	156,32
	EATON Leistungssch. NZMN2-4-A250	E-HS-E-GG-4-250-001	53015	830,51
Hauptschalter mit Nocken				
	Hauptschalter 25 A Einbau Rot MOE P1-25/EA/SVB	E-HS-E-R-3-025-001	7358	24,5588
	Hauptschalter 15/63 MOE P3-63/EA/SVB	E-HS-E-R-3-063	7359	65,8316
	Hauptschalter Einbau 100A P3-100/EA/SVB	E-HS-E-R-3-100-001	7361	92,655
Sicherungsautomaten				
	Automat 1-pol. C6 Ampere Moeller PXL-C6/1	E-SI-LS-1-06-C-001	8099	6,41
	Automat 3-pol. 16A C Moeller PXL-C16/3	E-SI-LS-3-016-C-001	8104	15,58
	Automat 3-pol. 20A C Moeller PXL-C20/3	E-SI-LS-3-020-C-001	8105	22,78
	Automat 3-pol. 25A C Moeller PXL-C25/3	E-SI-LS-3-025-C-001	8106	24,89
	Moeller-Leitungsschutzschalter 3 pol. PXL C32-3   32A 3pol	E-SI-LS-3-032-C-001	8107	26,05
	Automat 3-pol. 63A C Moeller PXL-C63/3	E-SI-LS-3-063-C-001	8110	97,11
	Phoenix E.Geräteschutzschalter	E-SV-4K-002	19702	60,63
Leistungsschütz				
	Moeller DILMC9-01(24VDC) Leistungsschütz	E-SL-DC-024-3S-1OE-040-02	8145	29,2144
	Moeller DILMC12-01(24VDC) Leistungsschüt	E-SL-DC-024-3S-1OE-055-02	8147	35,4506
	Moeller DILMC17-01(RDC24) Leistungsschüt	E-SL-DC-024-3S-1OE-075-03	8150	67,67
	Moeller DILM25-01(RDC24) Leistungsschütz 11 kW, 24 VDC,3 Schließer, 1 Öffner	E-SL-DC-024-3S-1OE-110-01	8151	100,98
	Moeller DILM32-01(RDC24) Leistungsschütz 15 kW, 24 VDC,3 Schließer, 1 Öffner	E-SL-DC-024-3S-1OE-150-01	8152	113,775
	Moeller DILM50(RDC24) Leistungsschütz 22 kW, 24V DC, 3 Schließer	E-SL-DC-024-3S-220-01	8153	208,626
Frequenzumrichter				
	stat. Frequenzumrichter 4,0 kW  KEB F6 S6	E-FU-0400-3-K-C	57337	569
	stat. Frequenzumrichter 5,5 kW  KEB F6 S6	E-FU-0550-3-K-C	54156	605
	stat. Frequenzumrichter 7,5 kW  KEB F6 S6	E-FU-0750-3-K-C	57338	642
	stat. Frequenzumrichter 11 kW  KEB F6 S6	E-FU-11000-3-K-C	54159	720
	stat. Frequenzumrichter 15 kW  KEB F6 S6	E-FU-15000-3-K-C	57339	794
	stat. Frequenzumrichter 22 kW  KEB F6 S6	E-FU-22000-3-K	57340	0
	KEB COMBIVERT F5 Profinet Operator	E-FU-K-PN-001	7308	123
	KEB Schirmanbindung für FU 4KW-7,5 KW	E-FU-K-SA-001	7309	5
	KEB Schirmanbindung für FU 11KW+15 KW	E-FU-K-SA-002	7310	6
	KEB Schirmanbindung für FU 22KW	E-FU-K-SA-003	15288	6
	Sinusfilter 13Z1G04-1000	E-SF-13Z-001	43657	297
	Bremswiderstand 82 Ohm KEB 12.F5.D90-4300-5,5KW (bei 12-Finger Grobsieb)	E-FU-ZUB-BW-082-001	7323	35,7
	Bremswiderstand 30 Ohm KEB 15.F5.E90-4300-15KW (bei 12-Finger Grobsieb)	E-FU-ZUB-BW-030-001	15289	63
	Danfoss FU 4 kW 600V 50-60Hz Typ FC302	E-FU-0400-3-D-001	23537	
	Danfoss FU 5,5 kW 600V 50-60Hz Typ FC302	E-FU-0550-3-D-001	23538	
	Danfoss FU 11 kW 600V 50-60Hz Typ FC302	E-FU-1100-3-D-001	48450	
	Danfoss FU 15 kW 600V 50-60Hz Typ FC302	E-FU-1500-3-D-001	23539	
	Danfoss Profinet Karte Option MCA 120	E-FU-D-PN-001	49146	
Motorschutzschalter				
	Motorschutzschalter PKZM0-0,25	E-MS-S-0016-0025-002	7660	43,2085
	Motorschutzschalter PKZM0-0,63	E-MS-S-0002-0006-001	15393	50,676
	Motorschutzschalter PKZM0-1	E-MS-S-0010-0010-001	7657	28,96
	Motorschutzschalter PKZM0-1,6-SC	E-MS-S-0010-0016-002	7658	47,7544
	Motorschutzschalter MOE PKZM0 - 6.3-SC	E-MS-S-0040-0063-002	7665	49,2151
	Motorschutzschalter MOE PKZM0-10-SC	E-MS-S-0063-0100-002	7668	55,1142
	Motorschutzschalter PKZM0-16-SC	E-MS-S-0100-0160-002	7671	56,7434
	Motorschutzschalter PKZM0-20	E-MS-S-0160-0200-001	7672	59,5346
	Motorschutzschalter PKZMO - 25	E-MS-S-0200-0250-001	7673	71,5561
	Motorschutzschalter PKZMO - 32	E-MS-S-0250-0320-001	7674	85,272
	Motorschutzschalter PKZM4-50	E-MS-S-0400-0500-001	7676	144,7625
	Motorschutzschalter PKZM4-63	E-MS-S-055-063-001	7677	166,8594
	EATON Hilfsk. NHI-E-11-PKZ0 1S1O	E-MS-ZUB-HS-1S-1O-FA-001	43109	7,2701
	Klemmenblock BK 25/3  PKZO	E-MS-ZUB-ASK-001	7684	7,0789
	Drehstrom Schienenblock B3.1/2 - PKZO	E-MS-ZUB-DSB-1-2-001	7686	5,6
	Drehstrom Schienenblock B3.0/3 - PKZO	E-MS-ZUB-DSB-1-3-002	7688	8,9891
	Drehstrom Schienenblock B3.0/4 - PKZO	E-MS-ZUB-DSB-1-4-002	7690	10,0003
	Drehstrom Schienenblock B3.0/5 - PKZO	E-MS-ZUB-DSB-1-5-002	43155	11,22
Sanftstarter				
	Sanftstarter 7,5kW/400V Best.-Nr.3RW30 18-1BB04	E-EC-SS-400-75-24-002	7258	198
	Sanftstarter 15kW/480V Best.-Nr.3RW40 27	E-EC-SS-480-15-24-001	7260	373,44
	Sanftstarter 11kW/400V Best.-Nr.3RW30 26	E-EC-SS-400-11-24-002	7254	178,61
	Sanftstarter 7,5kW/600V Best.-Nr.3RW40 24-1BB05	E-EC-SS-600-75-24-001	24694	227,85
	Sanftstarter 15kW/600V Best.-Nr.3RW40 26-1BB05	E-EC-SS-600-15-24-001	7261	363
Netzteil 24 V				
	Netzteil Prim.3 x 400 V, Sek. 24VDC/5A T	E-SV-N-400-024-5-002	8434	73,91
	Netzteil Prim. 3 x 400 V, Sek. 24VDC/10A	E-SV-N-400-024-10-002	8431	103,5
	Netzteil Prim. 3 x 400 V, Sek. 24VDC/20A Typ Trio-PS/3AC/24DC/20	E-SV-N-400-024-20-001	8432	177,67
Sicherheitsrelais				
	Sicherheitsrelais Phoenix verz. 3+2S 1O	E-NA-R-5S-1OE-2K-24-001	7706	176,81
Not-Aus				
	Not-Aus-Taste MOE im Gehäuse, M22-PV/KC11/IY	E-NA-T-PZ-OS-002	7711	33,3234
	Not-Aus-Schild 4-sprachig, neue Moeller-Bez.: M22-XAK1 (alte Bez.Klo-Mo 1AK-1999	E-BM-ZUB-NAS-002	7211	4,2993
	Moeller M22-K01 Kontaktelement, Frontbefestigung, 1 Öffner	E-BM-ZUB-KE-1OE-FB-001	7203	2,1383
	Moeller Typ M22-PV Not-Aus-Schalter 216876	E-NA-T-PZ-OS-003	7712	16,9983
	Befestigungsadapter Moeller M22 - A	E-BM-LZ-BA-002	7170	1,4193
	Schmersal Seilzugschalter ZQ 900-22 2Ö/2S	E-NA-SZ-ZOE-20-2S-2OE-002	7710	111,9
	Halter Seilzugschalter Schmersal ZQ900	LT-09005-100-000-001-G-A	10125	9,68
	Reißleine 3 mm mit roter Kunststoffummantelung,50m	E-NA-RL-03-50-ROT-002	7707	0,588
	Drahtseilklemme verz. für Ø 3,0mm DIN 74	MT-DSK-03-741-VZ	11568	0,4337
	Drahtseilkausche verz. Ø 3,0mm Ausf. B D	MT-DSKA-03-6899-VZ	11570	0,9053
	Augenschrauben galv. verz DIN 444 4.6 M1	VBT-ASR-M10-40	13221	0,5255
	Spannschloß DIN1480 - M8, verzinkt, Öse	VBT-SPS-M08-1480-VZ-1H-1OE	13526	1,25
SPS				
	Zentralbaugruppe CPU 214 24V  DC  10DA/14DI	E-SPS-S7-22-CPU-214-001	8191	348,8
	Siemens Profibus DPV1 Modul für S7-1200 als Slave	E-SPS-S7-1200-PRB-002	8190	303,4
	Profibus DPV1 Modul zur Verwendung der S7-1200	E-SPS-S7-1200-PRB-001	8189	356,7
	Erweiterungsmodul  SM 1223,16DE/16DA , 6ES7223-1BL30-0XB0	E-SPS-S7-22-EM-16I-160-002	8198	246,4
	Erweiterungsmodul,  16 Dig-Eingänge, SM 1221DC	E-SPS-S7-22-EM-16I-001	8196	156
	Erweiterungsmodul,  8 Dig-Eingänge, SM 1221DC		8200	175
	Erweiterungsmodul  SM 1223,8DE/8DA , 6ES7223-1BH30-0XB0		8198	246,4
	Simatic S7-1500, CPU 1513-1 PN	E-SPS-S7-1500-CPU-1513-001	31451	1382,4
	Siemens S7-1500 16DI 3,2ms	E-SPS-S7-1500-EM-16I-001	23057	176
	Siemens S7-1500 16DO 0,5A	E-SPS-S7-1500-EM-16O-001	23058	163,2
	SiemensSIMATIC S7-300, FRONTST. für SIGNALBAUGRUPPEN MIT SCHRAUBK., 20-POLI	E-SPS-S7-3-ST-FSA-20-001	8212	19,68
	S7-1500 Powermodul 25W	E-SPS-S7-1500-PM-25	38609	177,6
	Siemens S7-1500 4AI 16bit	E-SPS-S7-1500-EM-4AI-001	23059	234,4
	Siemens ET 200SP/PN-PN kopl. Busadapter	E-SI-BA-RJ45-PN-001	8086	46,4
	Siemens S7-1500 Pofilschiene 530mm	E-SPS-S7-1500-PS-001	23060	30
	Siemens SIMATIC SD-CARD 4MB 6ES7954-8LC0	E-SPS-S7-3-MMC-2MB-001	8209	46,24
	Siemens ASI-Sicherheitsmonitor	E-ASI-SM-001	7124	302,09
	Siemens DP-ASI Link Doppelmaster für S7 300	E-ASI-DM-300-001		558,9
	Siemens ASI-Netzteil 230V/30V 3A	E-ASI-3A-230-30-001		146,37
	Siemens ASI-Eingangsmodul	E-ASI-EM-001	15267	30,12
	Siemens Asisafe-Modul Sichere Eingänge	E-ASI-EM-SE-001	15268	34,1
	Siemens Profibus DPV1 Modul für S7-1200	E-SPS-S7-1200-PRB-001	8189	356,7
	Siemens PN/PN Koppler 6ES7158-3AD10-0XA0	E-SPS-S7-KOP-002	27010	468,8
Touchpanel 				
	Siemens Touch Panel TP700 Comfort	E-BB-TP-TP700-TFT-001	7144	901,6
	Siemens Touch Panel TP700 ComfortOutdoor	E-BB-TP-TP700-TFT-002	45687	1238,3
	Siemens Touch Panel TP1200 Comfort 12"	E-BB-TP-TP1200-C-001	7142	1981,12
	Siemens Touch Panel TP1500 15"	E-BB-TP-TP1500-TFT-001	7143	2521,5
	Siemens Touch Panel TP900	E-BB-TP-TP900-001	41621	1386,7
Ethernet				
	Murr Ethernet-Switch TREE 8TX	E-SW-IE-8-RJ45-002	8442	101,48
	Wachendorff Antenne 2G-4G	E-A-M-EU-E-003	40515	53,01
	Wachendorff Antennenverlängerung für EU-	E-AV-M-EU-E-002	7127	50
	Wachendorff: Modem - Flexy 201, ab 1.1.2	E-M-EU-E-003	7651	600,78
	Wachendorff: Erweiterungskarte für stat.	E-M-EU-E-SA-001	7653	181,35
	Wachendorff Flexy LTE Modem Europa	E-M-EU-LTE-EUR-FLB3204	40512	250,17
	T-Mobile Telefonkarte Unisize HLR.221	E-M-EU-TK-001	7654	
Betriebstundenzähler				
	Bauser Betriebsstundenzähler 24VDC  666.6 UL	E-ZU-BZ-DC-24-002	8509	34,11
Hilfsschütz				
	Koppelrelais  Finder 2 WE, 24 V	E-KR-DC-024-2W-00-001	7505	2,98
	Finder LED Element mit Freilaufdiode 9980902499	E-KR-ZUB-LED-FLD-001	7508	2,51
	Sockel für Koppelrelais 2-Pol Finder	E-KR-ZUB-S-2P-BL-001	7509	3,87
	DILA-40 Hilfsschütz AC MOE , 24 VDC	E-SH-AC-024-4S-OOE-001	8082	18,94
Befehlselemente				
	Moeller Typ M22-DL-R Leuchtdrucktaster rot	E-BM-LD-RT-T-F-001	7165	6,174
	Moeller Typ M22-DL-W Leuchtdrucktaster weiß	E-BM-LD-WS-T-F-001	7166	6,6
	Befestigungsadapter Moeller M22 - A	E-BM-LZ-BA-002	7170	1,4193
	M22-LED-R Moeller LED-Element 10-30 V rot	E-BM-LZ-LED-024-RT-001	7171	5,401
	M22-LED-W Moeller LED-Element 10-30 V weiß	E-BM-LZ-LED-024-WSS-001	7173	6,325
	Wahltaste Moeller Typ M22-WR (Dreknopf 0,1)	E-BM-WS-DK-2-RT-002	7191	10,0003
	Moeller Typ M22-D-X Drucktaste	E-BM-WS-DT-2-T-002	7194	3,1753
	Tasterplatte Moeller Typ M22-XD-R-X0 "O" rot	E-BM-WS-TP-AUS-ROT-001	20542	1,3968
	Moeller Einzelschlüssel M22-ES-MS1	E-BM-WS-ES-MS01-001	7195	5,3092
	Schlüssel M22-ES-MS20	E-BM-WS-ES-MS20-001	7196	4,7638
	Schlüsseltaster mit Schließung MS20 M22-WRS3-MS20	E-BM-WS-SS-3-R-001	7199	35,3813
	Moeller Kodiereinsatz der Rast- / Tast-/ Schlüsselabziehbarkeit M22-XC-R	E-BM-WS-ZUB-KOD-002	20546	0,4158
	Moeller M22-K01 Kontaktelement, Frontbefestigung, 1 Öffner	E-BM-ZUB-KE-1OE-FB-001	7203	2,1383
	Moeller M22-K10 Kontaktelement Frontbefestigung 1 Schließer	E-BM-ZUB-KE-1S-FB-001	7208	2,1383
	Tastenzusatzschildträger Moeller M22S-ST-X	E-BM-ZUB-ST2-002	7212	0,4158
	Moeller Typ M22-R10K Potentiometer	E-EC-R-Pot-10-3-225-002	7250	32,9024
	Piezo-Summer mit Dauerton Type AC300	E-SG-PS-012-036-001	8080	14,7
Inst.-Kanal und Rohr				
	RKS-Kabelbahn 100 / 60 mm OBO	E-I-KR-B-R00-060-100-001	7414	12,43
	Kabelkanalabdeckung aus Stahlblech verzi	A1617	6165	16,1
	Wandausleger 200 mm  Herst.OBO Typ AW15/	E-I-A-W-210-001	7395	5,81
	Alusteckrohr ES 32	E-I-SR-ALU-M-0320-001	7477	4,5292
	Kabel- und Rohr - Abstandschelle Typ OBO 733/30-38; M32	E-I-AS-BL-M-032-001	7391	1,1856
	Flexa Kunststoffschlauch 0201.101.007 di7, PG 7	E-WS-PVC-0-007-010-001	8499	4,532
	Flexa Kunststoffschlauch Flex 0201.101.010 PG 9	E-WS-PVC-0-010-014-001	8500	4,25
	Flexa Kunststoffschlauch 0201.101.016 PG16	E-WS-PVC-0-016-021-001	8501	5,783
Kabel				
	Motorleitung			
	Steuerleitung			
	Verbisssichere Kabel (pauschaler Aufschlag * 3)			
	Induktiver Sensor M12, bündig einbaubar, SN=4 mm,	E-SIN-BB-04-M12-024D-ST-01	8114	12
	Ini Halter M12 H25, 85x30x2,5mm aus V2A	LT-09010-030-001-023-G	10291	3,19
	Ini Halter M12 H45, 103x30x2,5mm aus V2A	LT-09010-030-001-024-G	15771	2,13
	Ini Halter M12 H45, 103x30x2,5mm aus V2A	LT-09010-030-001-024-G	15771	2,13
	Steckverbinder M12 Buchse Winkel Schraub	E-ST-M12-04-BU-W-S-001	8371	6,07
	Murr Steckverbinder M12 Buchse Winkel mit 15m Leitung	E-ST-M12-04-BU-W-15M-001	8367	12,39
	Murr Steckverbinder M12 Buchse Winkel mit 30m Leitung	E-ST-M12-04-BU-W-30M-001	8368	12,98
	HELU OZ-500 3x0,75	E-L-PV-02-0075-O-002	7534	0,1895
	Steuerleitung Waflex JZ 4 x 1,5 , Auf Trommel	E-L-PV-04-0150-I-002	7546	0,3419
	leichte Steuerleitung gesch.,F-CY-JZ;4x1,5 auf Trommel	E-LS-PV-04-0150-3-002	7609	0,4614
	Steuerleitung Waflex JZ 4 x 2,5 ,  Auf Trommel	E-L-PV-04-0250-I-002	7551	0,488
	 Steuerleitung gesch.,F-CY-JZ;4x2,5mm² Trommel a´ 500m	E-LS-PV-04-0250-3-002	7612	0,7271
	Steuerleitung Waflex 4 x 4 JZ,  Ring a' 100m	E-L-PV-04-0400-J-001	7554	0,59
	leichte Steuerleitung gesch.,F-CY-JZ;4x4 Ring a´ 100m	E-LS-PV-04-0400-001	7613	1,0029
	Steuerleitung Waflex JZ 4 x 6 mm² ,	E-L-PV-04-0600-J-001	7556	0,86
	leichte Steuerleitung gesch.,F-CY-JZ;4x6 Ring a´ 100m		7615	1,7542
	Steuerleitung Waflex JZ 4 x 10 mm² ,  als Abschnitt 40m	E-L-PV-04-1000-I-001	15370	
	Steuerleitung gesch.,F-CY-JZ;4x10mm² Tro	E-LS-PV-04-1000-3-001	7618	2,424
	Steuerleitung Waflex JZ 5 x 0,75² , Auf Trommel	E-L-PV-05-0075-J-002	7563	0,275
	Steuerleitung Waflex JZ 7 x 0,75 Ø , Auf Trommel	E-L-PV-07-0075-J-002	7579	0,3791
	Netzwerkkabel RJ45 CAT5 0,25m	E-EDV-PK-025-002	29478	2,66
	Siemens Netzwerk-Leitung CAT5	E-ST-EL-CAT-002	29491	1,54
	RJ45 Steckverbinder 180 Grad	E-ST-RJ-SV-180-001	29480	8,54
	 Walther Buchseneinsatz 6-pol. 16A	E-ST-SSV-06-016-SBE-001	8395	5,59
	Walther Stifteinsatz 6 polig, 16A	E-ST-SSV-06-016-SSE-002	8396	5,46
	Walther Tüllengehäuse 6polig	E-ST-SSV-06-043-TG-001	8399	4,87
	Walther Sockelgehäuse 6-pol.	E-ST-SSV-06-016-KLV-001	8393	14,83
Reparaturschalter				
	Reparaturschalter mit Schirmblech 25 A A	E-RS-A-SW-3-025-002	19040	61,7998
	Reparaturschalter mit Schirmblech 32 A A	E-RS-A-SW-3-032-002	19041	77
	Reparaturschalter mit Schirmblech 63 A A	E-RS-A-SW-3-063-002	19042	83,04
	Hilfskontakte HI11-P1/P3/Z für Reparatur	E-MS-ZUB-RS-1S-1OE-001	7696	9,62
	Halter Reparaturschalter (244,5x190,0x12	09034-0090-000-002	4926	17,84
Kleinteile				
	Tragschiene gelocht NS 35 / 7,5 mm HKL	E-I-TS-HP-G-035-007-001	7490	4,34
	Tragschiene gelocht NS 35 / 15 mm Phoenix	E-I-TS-HP-G-035-015-001	7491	4,96
	Schrägbügel BG/S 35,4mm Phoenix	E-I-TS-ZUB-SB-354-001	7492	1,2139
	Verdrahtungskanal TEH BA6 80040 grau, 45x86 mm	E-I-VK-K-086-045-001	7498	9,68
	Verdrahtungskanal TEH BA 68008007030B grau, 87x86 mm	E-I-VK-K-086-087-001	7499	14,19
	Kabelverschraubung 4-8 mm, M16	E-I-ME-V-K-M16-001	7452	0,3326
	Kabelverschraubung 6-12 mm, M20	E-I-ME-V-K-M20-001	7453	0,4291
	Kabelverschraubung  M25	E-I-ME-V-K-M25-001	7454	0,2926
	Kabelverschraubung  M32	E-I-ME-V-K-M32-001	7455	1,0247
	Kabelverschraubung M50 Metall	E-I-ME-V-M-M50-001	7460	9,336
	Metallverschraubung M20 x 1,5 Perfect EMY 50.620M/EMV	E-I-ME-V-MV-20x15-001	7462	1,0476
	Moeller Schuko Steckdose für Hutschienenmontage Z-SD230	E-ST-SK-02-016-KH-SS-001	8384	6,69
	Schaltschrankdach B=1000mm	E-SS-SD-1000-002	29386	19,56
	Monoblock Hilfsschaltergehäuse 2S/2Ö m. Sprungf. DTE ZCKJ 2	E-BM-PS-ZUB-MB-2S-2OE-001	7178	36,04
	Metallkuppenstößel ZCK-E61	E-BM-PS-ZUB-MKS-001	7179	12,61
Klemmen				
	PHOENIX Reihenklemme blau 4², Typ ST4BU	E-V-RKL-ST-0060-BU-001	8455	0,5822
	PHOENIX Schutzleiterklemme 4² Typ ST4-PE	E-V-RKL-ST-0060-GG-001	8456	0,8705
	PHOENIX Reihenklemme grau 4², Typ ST4	E-V-RKL-ST-0060-GR-001	8458	0,5822
	PHOENIX Reihenklemme blau 10², Typ ST10B	E-V-RKL-ST-00100-BU-001	8454	1,3622
	PHOENIX Schutzleiterklemme 10² Typ ST10-	E-V-RKL-ST-0100-GG-001	8459	2,8513
	PHOENIX Reihenklemme grau 10², Typ ST10	E-V-RKL-ST-0100-GR-001	8460	1,4046
	PHOENIX Reihenklemme blau 16², Typ ST16B	E-V-RKL-ST-0160-BU-001	8461	1,6502
	PHOENIX Schutzleiterklemme 16² Typ ST16-	E-V-RKL-ST-0160-GG-001	8462	3,5631
	PHOENIX Reihenklemme grau 16², Typ ST16	E-V-RKL-ST-0160-GR-001	8463	1,734
	PHOENIX Reihenklemme blau 35², Typ ST35B	E-V-RKL-ST-0350-BU-001	8464	7,5591
	PHOENIX Schutzleiterklemme 35² Typ ST35-	E-V-RKL-ST-0350-GG-001	8465	11,1816
	PHOENIX Reihenklemme grau 35², Typ ST35	E-V-RKL-ST-0350-GR-001	8466	7,5591
	PHOENIX Reihenklemme Blau 50 ² UKH 50 BU PHO 3009105	E-V-RKL-DG-0500-BU-001	15529	
	PHOENIX Schutzleiterklemme 50² Typ USLKG 50	E-V-RKL-DG-0500-GG-001	15530	
	PHOENIX Durchgangsklemme 50² Typ UK-H-50	E-V-RKL-DG-0500-GR-001	15531	5,12
	PHOENIX Dreistockinitiatorklemme als Durchgangsklemme DIKD 1,5 2715979	E-V-RKL-DIKD-0015-001	8451	3,1937
	Phoenix Doppelstockklemme mit Schutzleiterfuß; SLKK5  0461018	E-V-RKL-DKSP-0040-001	15532	1,86
	PHOENIX Dreileiter Initiatorenklemme gra	E-V-RKL-STIO-0040-GR-001	8467	1,5351
	PHOENIX Doppelstock Zugfederklemme  2,5²	E-V-RKL-DSK-STTB-001	8453	1,1542
	Phönix Reihenendklemme E-UK	E-V-RKL-ZUB-EK-001	8476	0,4215
Funkfernbedienung				
	Funkfernbedienung Tele-Radio	E-EC-FF-TR-TN-001	7245	653,2
Signalsäule / Anlaufwarnung				
	Eltop  Warnleuchte L-Winkel für Alurohr	E-WL--LW-ALU-001	8491	4,49
	Eltop  Warnleuchte  Alurohr 300mm	E-WL-R-ALU-300-001	8497	9,73
	Eltop  Warnleuchte  LED Modul grün	E-WL-LED-M-G-24-001	8488	17,2
	Eltop  Warnleuchte  LED Modul orange	E-WL-LED-M-O-24-001	8489	17,2
	Eltop  Warnleuchte  LED Modul rot	E-WL-LED-M-R-24-001	8490	18,69
	Eltop  Warnleuchte  Akustik Modul	E-WL-AM-W-24-001	8480	26,81
	Schall/Blitzkombination 24V orange		57569	184,53
Klimagerät				
	RITTAL Wandanbau Kühlgerät 1500W 400-460 V-50/60Hz SK 3305 140	E-SS-ZUB-WAK-1500W-400V-001	8337	1921,24
